<?xml version="1.0" encoding="UTF-8"?>

<faces-config
    xmlns="http://java.sun.com/xml/ns/javaee"
    xmlns:xsi="http://www.w3.org/2001/XMLSchema-instance"
    xsi:schemaLocation="http://java.sun.com/xml/ns/javaee http://java.sun.com/xml/ns/javaee/web-facesconfig_2_0.xsd"
    version="2.0">
	<application>
	 <locale-config>
            <default-locale>en</default-locale>
        </locale-config>
		<message-bundle>com.infinite.onlinestore.messages.MyMessage</message-bundle>
	</application>
	<managed-bean>
		<managed-bean-name>membershipController</managed-bean-name>
		<managed-bean-class>com.infinite.onlinestore.controllers.MembershipController</managed-bean-class>
		<managed-bean-scope>session</managed-bean-scope>
	</managed-bean>
	<managed-bean>
		<managed-bean-name>regCustomerController</managed-bean-name>
		<managed-bean-class>com.infinite.onlinestore.controllers.RegCustomerController</managed-bean-class>
		<managed-bean-scope>session</managed-bean-scope>
	</managed-bean>
	<managed-bean>
		<managed-bean-name>menuManagedBean</managed-bean-name>
		<managed-bean-class>com.infinite.onlinestore.controllers.MenuManagedBean</managed-bean-class>
		<managed-bean-scope>session</managed-bean-scope>
	</managed-bean>
	<managed-bean>
		<managed-bean-name>fileUploadController</managed-bean-name>
		<managed-bean-class>com.infinite.onlinestore.controllers.FileUploadController</managed-bean-class>
		<managed-bean-scope>session</managed-bean-scope>
	</managed-bean>
	<validator>
		<validator-id>userNameValidator</validator-id>
		<validator-class>com.infinite.onlinestore.validators.UserNameValidator</validator-class>
	</validator>
	<validator>
		<validator-id>dobValidator</validator-id>
		<validator-class>com.infinite.onlinestore.validators.DOBValidator</validator-class>
	</validator>
	

</faces-config>
