<?xml version="1.0" encoding="UTF-8"?>
<faces-config
    xmlns="http://xmlns.jcp.org/xml/ns/javaee"
    xmlns:xsi="http://www.w3.org/2001/XMLSchema-instance"
    xsi:schemaLocation="http://xmlns.jcp.org/xml/ns/javaee http://xmlns.jcp.org/xml/ns/javaee/web-facesconfig_2_2.xsd"
    version="2.2">
	<validator>
		<validator-id>firstNameValidator</validator-id>
		<validator-class>com.ness.qm.validators.FirstNameValidator</validator-class>
	</validator>
	<validator>
		<validator-id>dobValidator</validator-id>
		<validator-class>com.ness.qm.validators.DOBValidator</validator-class>
	</validator>

<flow-definition id="register">
	<flow-return id="endFlow">
		<from-outcome>/index</from-outcome>
	</flow-return>
</flow-definition>
</faces-config>
