<?xml version="1.0"?>
<facelet-taglib version="2.2"
    xmlns="http://xmlns.jcp.org/xml/ns/javaee"
    xmlns:xsi="http://www.w3.org/2001/XMLSchema-instance"
    xsi:schemaLocation="http://xmlns.jcp.org/xml/ns/javaee http://xmlns.jcp.org/xml/ns/javaee/web-facelettaglibrary_2_2.xsd">
  <namespace>http://memorynotfound.com/example</namespace>
    <tag>
        <tag-name>custom-input</tag-name>
        <component>
            <component-type>com.memorynotfound.jsf.CustomInput</component-type>
        </component>
    </tag>
  
  </facelet-taglib>


    